<?xml version="1.0" encoding="utf-8"?>
<unattend xmlns="urn:schemas-microsoft-com:unattend">
    <settings pass="oobeSystem">
        <component name="Microsoft-Windows-International-Core" processorArchitecture="amd64" publicKeyToken="31bf3856ad364e35" language="neutral" versionScope="nonSxS" xmlns:wcm="http://schemas.microsoft.com/WMIConfig/2002/State" xmlns:xsi="http://www.w3.org/2001/XMLSchema-instance">
            <InputLocale>en-US</InputLocale>
            <SystemLocale>en-US</SystemLocale>
            <UILanguage>en-US</UILanguage>
            <UserLocale>en-US</UserLocale>
        </component>
        <component name="Microsoft-Windows-Shell-Setup" processorArchitecture="amd64" publicKeyToken="31bf3856ad364e35" language="neutral" versionScope="nonSxS" xmlns:wcm="http://schemas.microsoft.com/WMIConfig/2002/State" xmlns:xsi="http://www.w3.org/2001/XMLSchema-instance">
            <AutoLogon>
                <Username>Administrator</Username>
                <LogonCount>1</LogonCount>
                <Enabled>true</Enabled>
                <Password>
                    <Value>YQBkAG0AaQBuAFAAYQBzAHMAdwBvAHIAZAA=</Value>
                    <PlainText>false</PlainText>
                </Password>
            </AutoLogon>
            <OOBE>
                <HideEULAPage>true</HideEULAPage>
                <HideOEMRegistrationScreen>true</HideOEMRegistrationScreen>
                <HideOnlineAccountScreens>true</HideOnlineAccountScreens>
                <HideWirelessSetupInOOBE>true</HideWirelessSetupInOOBE>
                <ProtectYourPC>1</ProtectYourPC>
                <HideLocalAccountScreen>true</HideLocalAccountScreen>
            </OOBE>
            <UserAccounts>
                <LocalAccounts>
                    <LocalAccount wcm:action="add">
                        <Password>
                            <PlainText>false</PlainText>
                            <Value>UABhAHMAcwB3AG8AcgBkAA==</Value>
                        </Password>
                        <DisplayName>temp</DisplayName>
                        <Group>Administrators</Group>
                        <Name>temp</Name>
                    </LocalAccount>
                </LocalAccounts>
                <AdministratorPassword>
                    <Value>YQBkAG0AaQBuAEEAZABtAGkAbgBpAHMAdAByAGEAdABvAHIAUABhAHMAcwB3AG8AcgBkAA==</Value>
                    <PlainText>false</PlainText>
                </AdministratorPassword>
            </UserAccounts>
            <RegisteredOwner>User</RegisteredOwner>
            <OEMInformation>
                <Logo>C:\Users\Public\Misc\Themes\pics\pika-girl4.bmp</Logo>
            </OEMInformation>
            <FirstLogonCommands>
                <SynchronousCommand wcm:action="add">
                    <CommandLine>C:\Users\Public\Misc\Setup\CleanupSysprep.bat</CommandLine>
                    <Description>cleanupsysprep</Description>
                    <Order>2</Order>
                    <RequiresUserInput>true</RequiresUserInput>
                </SynchronousCommand>
                <SynchronousCommand wcm:action="add">
                    <Order>1</Order>
                    <CommandLine>bcdedit /timeout 3</CommandLine>
                    <Description>fixbcdtimeout</Description>
                </SynchronousCommand>
            </FirstLogonCommands>
        </component>
    </settings>
    <settings pass="specialize">
        <component name="Microsoft-Windows-Shell-Setup" processorArchitecture="amd64" publicKeyToken="31bf3856ad364e35" language="neutral" versionScope="nonSxS" xmlns:wcm="http://schemas.microsoft.com/WMIConfig/2002/State" xmlns:xsi="http://www.w3.org/2001/XMLSchema-instance">
            <ComputerName>Win10Prox64</ComputerName>
            <RegisteredOwner>User</RegisteredOwner>
            <ProductKey>XXXXX-XXXXX-XXXXX-XXXXX-XXXXX</ProductKey>
            <DoNotCleanTaskBar>true</DoNotCleanTaskBar>
        </component>
    </settings>
    <cpi:offlineImage cpi:source="wim:d:/images/win10/win10_x64_rtm.wim#Windows 10 Pro" xmlns:cpi="urn:schemas-microsoft-com:cpi" />
</unattend>
