<?xml version="1.0" encoding="utf-8"?>
<unattend xmlns="urn:schemas-microsoft-com:unattend">
    <settings pass="oobeSystem">
        <component name="Microsoft-Windows-International-Core" processorArchitecture="x86" publicKeyToken="31bf3856ad364e35" language="neutral" versionScope="nonSxS" xmlns:wcm="http://schemas.microsoft.com/WMIConfig/2002/State" xmlns:xsi="http://www.w3.org/2001/XMLSchema-instance">
            <InputLocale>en-US</InputLocale>
            <SystemLocale>en-US</SystemLocale>
            <UILanguage>en-US</UILanguage>
            <UserLocale>en-US</UserLocale>
        </component>
        <component name="Microsoft-Windows-Shell-Setup" processorArchitecture="x86" publicKeyToken="31bf3856ad364e35" language="neutral" versionScope="nonSxS" xmlns:wcm="http://schemas.microsoft.com/WMIConfig/2002/State" xmlns:xsi="http://www.w3.org/2001/XMLSchema-instance">
            <UserAccounts>
                <LocalAccounts>
                    <LocalAccount wcm:action="add">
                        <DisplayName>User</DisplayName>
                        <Name>User</Name>
                        <Group>Administrators</Group>
                        <Password>
                            <Value>UABhAHMAcwB3AG8AcgBkAA==</Value>
                            <PlainText>false</PlainText>
                        </Password>
                    </LocalAccount>
                </LocalAccounts>
                <AdministratorPassword>
                    <Value>YQBkAG0AaQBuAEEAZABtAGkAbgBpAHMAdAByAGEAdABvAHIAUABhAHMAcwB3AG8AcgBkAA==</Value>
                    <PlainText>false</PlainText>
                </AdministratorPassword>
            </UserAccounts>
            <OOBE>
                <HideEULAPage>true</HideEULAPage>
                <HideOEMRegistrationScreen>true</HideOEMRegistrationScreen>
                <HideOnlineAccountScreens>true</HideOnlineAccountScreens>
                <HideWirelessSetupInOOBE>true</HideWirelessSetupInOOBE>
                <NetworkLocation>Other</NetworkLocation>
                <ProtectYourPC>3</ProtectYourPC>
            </OOBE>
            <AutoLogon>
                <Enabled>true</Enabled>
                <LogonCount>1</LogonCount>
                <Username>User</Username>
                <Password>
                    <PlainText>false</PlainText>
                </Password>
            </AutoLogon>
            <RegisteredOwner>User</RegisteredOwner>
            <FirstLogonCommands>
                <SynchronousCommand wcm:action="add">
                    <CommandLine>bcdedit /timeout 3</CommandLine>
                    <Description>fixbcdtimeout</Description>
                    <Order>1</Order>
                </SynchronousCommand>
            </FirstLogonCommands>
        </component>
    </settings>
    <settings pass="specialize">
        <component name="Microsoft-Windows-Shell-Setup" processorArchitecture="x86" publicKeyToken="31bf3856ad364e35" language="neutral" versionScope="nonSxS" xmlns:wcm="http://schemas.microsoft.com/WMIConfig/2002/State" xmlns:xsi="http://www.w3.org/2001/XMLSchema-instance">
            <ComputerName>Win81Prox86</ComputerName>
            <ProductKey>XXXXX-XXXXX-XXXXX-XXXXX-XXXXX</ProductKey>
            <RegisteredOwner>User</RegisteredOwner>
        </component>
    </settings>
    <cpi:offlineImage cpi:source="wim:d:/images/win81/win81_x64_rtm.wim#Windows 8.1 Pro" xmlns:cpi="urn:schemas-microsoft-com:cpi" />
</unattend>
